0,0,0,0,0,0,0,1
0.02,0,0.005,-0.0955,0,0,0,1
0.3533334,-0.05311247,1.647355,-0.07251648,-0.3582481,0.08068284,-0.6957166,0.6173548
0.3908433,-0.05287294,1.647742,-0.07286375,-0.3559003,0.07820654,-0.7025695,0.6112405
0.4167551,-0.05298643,1.647786,-0.07280114,-0.3566377,0.07586509,-0.708124,0.6046607
0.4392025,-0.05352691,1.648219,-0.07259572,-0.3581409,0.07474072,-0.7169409,0.593418
0.467602,-0.05475917,1.648868,-0.07195491,-0.3628304,0.0725726,-0.732463,0.5714763
0.4930838,-0.05578397,1.648525,-0.07101223,-0.3698478,0.07090903,-0.7368982,0.5613961
0.5298243,-0.05807091,1.64611,-0.06800382,-0.3914579,0.06916162,-0.7289178,0.5573654
0.5587521,-0.05946937,1.643901,-0.06561659,-0.4082848,0.06197226,-0.7272683,0.5482187
0.5844538,-0.06062145,1.642887,-0.06397624,-0.4188547,0.06361198,-0.720489,0.5490082
0.6053606,-0.06165786,1.642255,-0.06260114,-0.427397,0.06565433,-0.7157031,0.5484436
0.6318651,-0.06252723,1.641032,-0.06096858,-0.4379924,0.05952156,-0.7172962,0.5386149
0.6529266,-0.0631814,1.641014,-0.06027849,-0.4423305,0.05445447,-0.7254553,0.5244932
0.6760184,-0.06355898,1.641581,-0.06024547,-0.4424981,0.05035669,-0.7357379,0.5102444
0.693584,-0.06374969,1.641346,-0.05989295,-0.4446858,0.04873642,-0.7363959,0.5075434
0.7108485,-0.06383234,1.640044,-0.0589427,-0.4506439,0.04746344,-0.7284915,0.5137777
0.7279539,-0.06371086,1.63794,-0.05759531,-0.4590324,0.04556119,-0.7149795,0.5253739
0.7451391,-0.06370933,1.635249,-0.05553212,-0.4714296,0.04279544,-0.6981904,0.5370781
0.7626411,-0.06362138,1.632231,-0.05306394,-0.4857901,0.03787434,-0.6812103,0.5463755
0.7801762,-0.06353828,1.62983,-0.05090399,-0.497923,0.03665514,-0.6640671,0.5565465
0.797213,-0.06357459,1.628078,-0.04906829,-0.5078691,0.04171825,-0.6442299,0.5703475
0.8266128,-0.06275954,1.626286,-0.04818003,-0.5129286,0.03831931,-0.6327363,0.5788616
0.8436344,-0.06140491,1.62535,-0.04886892,-0.5096732,0.0293402,-0.6336138,0.5812969
0.8610318,-0.05996049,1.624072,-0.04921532,-0.5082145,0.02630132,-0.6237504,0.5932637
0.8779263,-0.05897342,1.622617,-0.04872997,-0.5111049,0.02674671,-0.6087831,0.6061679
0.8951136,-0.05831154,1.621383,-0.04805342,-0.5148316,0.02298967,-0.6018948,0.6100348
0.9124042,-0.05844985,1.621212,-0.04767553,-0.5166788,0.01810782,-0.6073143,0.6032284
0.9300246,-0.05953807,1.622492,-0.04788896,-0.5153003,0.02027026,-0.6177692,0.5936462
0.9471313,-0.06114689,1.624844,-0.04862344,-0.5110702,0.02985569,-0.628332,0.5857601
0.9650882,-0.06285548,1.628173,-0.05008545,-0.5025643,0.04296578,-0.6417983,0.5776486
0.982226,-0.0634709,1.630924,-0.0520419,-0.4912836,0.05239128,-0.6523238,0.5747775
1.000261,-0.06344371,1.632702,-0.05369455,-0.4816235,0.05922714,-0.6568077,0.5771782
1.017657,-0.0636979,1.633125,-0.05376457,-0.480727,0.06574977,-0.6519679,0.5826804
1.034761,-0.06416807,1.633013,-0.05310386,-0.4836861,0.07392784,-0.6414158,0.5909047
1.051593,-0.06426319,1.632537,-0.05256321,-0.4861509,0.07980575,-0.6300989,0.6002197
1.068853,-0.06388921,1.632406,-0.0528996,-0.4837969,0.08499233,-0.6206275,0.611178
1.085926,-0.06357138,1.633371,-0.05412712,-0.4759488,0.09239895,-0.6160043,0.6208654
1.103687,-0.06396465,1.635786,-0.05566899,-0.4642626,0.1088109,-0.6111081,0.631797
1.132673,-0.06558224,1.639258,-0.05643088,-0.4525315,0.1395868,-0.5961925,0.6482942
1.150514,-0.06638932,1.641213,-0.05686289,-0.4466228,0.1507118,-0.5966127,0.6495132
1.167452,-0.06615594,1.642839,-0.05820516,-0.4368727,0.1556158,-0.5990227,0.6527615
1.184765,-0.06561691,1.644121,-0.05960307,-0.4260506,0.162007,-0.5942882,0.6626132
1.201902,-0.06559693,1.645673,-0.06053137,-0.4162588,0.1725584,-0.5867727,0.6727927
1.224008,-0.06604354,1.648653,-0.06165208,-0.4035468,0.1853462,-0.58835,0.6757522
1.241373,-0.06570008,1.651503,-0.06337849,-0.388765,0.191805,-0.5951367,0.6766719
1.258686,-0.06403476,1.653686,-0.06597368,-0.3677956,0.1967566,-0.5889712,0.6921894
1.287407,-0.06218903,1.656643,-0.06879212,-0.3390351,0.2095375,-0.5669494,0.7209144
1.305412,-0.06058725,1.656888,-0.07028817,-0.3293593,0.2053287,-0.562533,0.7300131
1.323232,-0.05823981,1.656401,-0.07208741,-0.3215241,0.1931084,-0.5639018,0.7357624
1.340298,-0.05596025,1.656387,-0.07386656,-0.3119276,0.1830131,-0.5648025,0.7417583
1.357405,-0.0541406,1.658061,-0.07571577,-0.2973919,0.1791207,-0.5699131,0.7447637
1.374509,-0.05223002,1.661232,-0.0778792,-0.2765406,0.1789055,-0.5783527,0.7463419
1.391507,-0.05031875,1.664267,-0.07978648,-0.2563432,0.1791412,-0.5844851,0.7487149
1.409179,-0.04816198,1.667226,-0.08162504,-0.2354345,0.1789006,-0.5880249,0.7528559
1.438149,-0.04445587,1.670967,-0.08418712,-0.2048865,0.175613,-0.5872567,0.7630932
1.45604,-0.04240397,1.672435,-0.08538188,-0.1908097,0.1718116,-0.5862511,0.7683633
1.473024,-0.0406764,1.673536,-0.08630785,-0.18053,0.1672545,-0.5902333,0.7688039
1.490384,-0.03859137,1.675289,-0.08737224,-0.1672457,0.1624507,-0.5999532,0.7653071
1.507952,-0.03647919,1.678076,-0.08837965,-0.1492381,0.1615991,-0.6073796,0.7633504
1.525012,-0.03420229,1.680753,-0.08930305,-0.1293463,0.1613386,-0.6032478,0.7702801
1.542459,-0.03131371,1.682866,-0.09031408,-0.1090872,0.156831,-0.5940679,0.781401
1.559383,-0.02795451,1.684877,-0.09132445,-0.08881138,0.1491734,-0.5900815,0.7884565
1.587828,-0.02335584,1.688379,-0.09235637,-0.05841276,0.1407003,-0.5850599,0.7965527
1.605241,-0.0215624,1.691155,-0.09249875,-0.04043662,0.1417339,-0.5810522,0.8004092
1.622181,-0.02041571,1.694909,-0.09222976,-0.02057853,0.1485409,-0.5784041,0.8018485
1.639418,-0.01975865,1.700188,-0.09136444,0.004276315,0.1623282,-0.575596,0.8014491
1.656633,-0.01874636,1.708157,-0.08944933,0.04188661,0.1835185,-0.572495,0.7980075
1.673873,-0.01700077,1.717959,-0.08611344,0.09043401,0.2083698,-0.5677968,0.7912084
1.691266,-0.01397838,1.729494,-0.08062443,0.1523759,0.2352778,-0.5605263,0.7792536
1.70929,-0.01062697,1.739755,-0.07390445,0.2155147,0.2552335,-0.5410592,0.7717929
1.73824,-0.008622545,1.747138,-0.06755442,0.2708358,0.262221,-0.4994732,0.7800094
1.755669,-0.008174186,1.746444,-0.06829195,0.2725771,0.2515244,-0.4861114,0.7912856
1.773972,-0.008015197,1.746461,-0.06829406,0.2785667,0.2430432,-0.4669769,0.8032828
1.791127,-0.008815834,1.747831,-0.06683342,0.2862875,0.2491017,-0.4579178,0.8039273
1.808335,-0.008632293,1.749882,-0.06471003,0.2938265,0.2631551,-0.4721422,0.7883509
1.826165,-0.0064296,1.752313,-0.06224871,0.3046537,0.2763529,-0.500519,0.7617717
1.8435,-0.003892934,1.75384,-0.06064521,0.3177445,0.276493,-0.5105898,0.749592
1.860899,-0.002781466,1.7532,-0.06147686,0.3243385,0.2579695,-0.4905781,0.7665437
1.890013,-0.00279234,1.751405,-0.06355266,0.3199896,0.2400416,-0.4709634,0.7862445
1.906765,-0.003439578,1.751203,-0.06374759,0.3137082,0.2475401,-0.4821169,0.779663
1.924164,-0.003662023,1.751354,-0.06356601,0.3082332,0.2580396,-0.5008051,0.766552
1.941301,-0.002744162,1.751742,-0.06317377,0.3074856,0.2641434,-0.5192466,0.7523721
1.958849,-0.001451697,1.752295,-0.06258334,0.3085922,0.269841,-0.5380439,0.7365226
1.976036,-0.0007292572,1.752979,-0.06179744,0.306221,0.2820082,-0.5621787,0.7146013
1.993325,-0.000515081,1.753584,-0.06107858,0.2994896,0.2982339,-0.5897252,0.6881764
2.010246,-0.0003507249,1.753818,-0.0607967,0.2900893,0.3123649,-0.6164811,0.6619875
2.027557,-0.0005401317,1.753444,-0.06124584,0.2853968,0.3134623,-0.6218222,0.6585038
2.045427,-0.00255339,1.751584,-0.0633614,0.2793456,0.299187,-0.597635,0.6894096
2.063131,-0.00418577,1.749784,-0.06525436,0.2744476,0.2850703,-0.5725983,0.7180144
2.080611,-0.003968762,1.748768,-0.06633712,0.2704693,0.2786827,-0.5725467,0.7220614
2.098024,-0.002671802,1.748417,-0.06676426,0.2655162,0.2809193,-0.5952495,0.7044598
2.115285,-0.001997922,1.749733,-0.06541255,0.2665345,0.2940115,-0.6148413,0.6815327
2.13261,-0.001732603,1.751806,-0.06313761,0.2720555,0.3100769,-0.6255084,0.6622518
2.149601,-0.001590082,1.753869,-0.06071445,0.2820948,0.3215354,-0.6236702,0.6542728
2.166751,-0.001284847,1.755316,-0.05891731,0.2955989,0.3228833,-0.6102208,0.6603016
2.196165,0.0001525972,1.756647,-0.05718974,0.3158178,0.3154265,-0.5911451,0.6717982
2.213938,0.001756627,1.75741,-0.05612464,0.3235575,0.3164065,-0.5962839,0.6630558
2.231559,0.003467763,1.758297,-0.05479971,0.3302956,0.3208777,-0.6059933,0.6486252
2.250284,0.00536721,1.759512,-0.0528629,0.3408048,0.3259063,-0.6124349,0.6344767
2.267419,0.006298259,1.760069,-0.05191013,0.3468247,0.3271229,-0.6134608,0.6295786
2.284627,0.008355349,1.760582,-0.05081574,0.3561325,0.3256807,-0.6174527,0.6211714
2.301773,0.009936804,1.76058,-0.05053343,0.357871,0.3266351,-0.6280752,0.6089002
2.319118,0.01128915,1.760424,-0.05049781,0.3557585,0.3303605,-0.6429139,0.5924184
2.348179,0.01264929,1.760209,-0.05051676,0.3532005,0.3341292,-0.6579468,0.5750766
2.365796,0.0151035,1.759147,-0.05150806,0.3536508,0.3259661,-0.6708061,0.5645321
2.382868,0.01601072,1.75832,-0.05248822,0.3576649,0.3119835,-0.6649459,0.5767055
2.400098,0.01677823,1.758257,-0.05234281,0.3692847,0.2968234,-0.6473927,0.5969986
2.417025,0.01648965,1.758424,-0.05218455,0.3749299,0.2894867,-0.633423,0.6118825
2.434237,0.01674795,1.758567,-0.05188698,0.3780723,0.2876569,-0.6303884,0.6139424
2.452554,0.01819258,1.758937,-0.05082709,0.3853234,0.2875846,-0.6328785,0.6068655
2.470361,0.01955191,1.759248,-0.04982838,0.3942399,0.2838285,-0.6301776,0.6057165
2.500345,0.02064003,1.760325,-0.04761707,0.4170558,0.2673072,-0.6002594,0.627933
2.518231,0.02134264,1.761072,-0.04601495,0.4306495,0.2592073,-0.584192,0.637238
2.535605,0.02228485,1.761442,-0.04490146,0.4418765,0.2493995,-0.5713785,0.6450363
2.552801,0.02239438,1.762086,-0.04365639,0.451192,0.2440842,-0.5578105,0.6524541
2.570112,0.02174118,1.763147,-0.04194503,0.459471,0.246004,-0.5454807,0.6563682
2.587157,0.02141547,1.764241,-0.03987911,0.4688743,0.2495245,-0.5360036,0.6561971
2.609214,0.0218323,1.765004,-0.03798911,0.4802629,0.2463286,-0.5249754,0.6580811
2.62668,0.02220399,1.765029,-0.0377159,0.4858157,0.2365352,-0.5142609,0.6660104
2.649974,3.197964,1.247343,-2.178287,0.7112575,-0.1777908,-0.1574462,0.6615996
2.667914,3.179241,1.246293,-2.165513,0.7077423,-0.1941809,-0.1462576,0.6633275
2.685015,3.162586,1.24797,-2.153484,0.7056123,-0.2055391,-0.1383003,0.663881
2.702295,3.145389,1.24933,-2.140341,0.7047934,-0.2112123,-0.1333842,0.6639762
2.71987,3.127281,1.249357,-2.126437,0.7063828,-0.2098805,-0.1301459,0.6633519
2.737358,3.108071,1.249478,-2.111342,0.7081656,-0.205289,-0.1235027,0.6641573
2.75479,3.088151,1.248418,-2.09727,0.7084382,-0.2003856,-0.1138959,0.6670747
2.772149,3.0692,1.248417,-2.083526,0.7079565,-0.1972471,-0.1035932,0.6701937
2.801123,3.036853,1.24808,-2.057822,0.7087498,-0.1934589,-0.09472854,0.6717693
2.819069,3.017349,1.247687,-2.039329,0.7116613,-0.1856888,-0.09584831,0.6707242
2.836605,2.998273,1.24712,-2.018967,0.7179308,-0.1840894,-0.09864624,0.6640447
2.853654,2.985738,1.246867,-2.001795,0.726142,-0.1894439,-0.1069811,0.6522145
2.87098,2.969548,1.245462,-1.973041,0.7433757,-0.2067179,-0.1391511,0.6207231
2.888002,2.955883,1.243942,-1.943866,0.7570907,-0.2265209,-0.1769984,0.586663
2.905239,2.944544,1.242852,-1.917399,0.7658028,-0.243126,-0.2059944,0.5585716
2.922567,2.930637,1.243111,-1.887727,0.7729459,-0.2612141,-0.2321341,0.5295616
2.951497,2.914186,1.243365,-1.837737,0.7714424,-0.3186342,-0.2757209,0.4767881
2.969148,2.904602,1.243625,-1.803864,0.7581083,-0.3606903,-0.3031612,0.4508519
2.9866,2.896601,1.244231,-1.770968,0.7438945,-0.3900129,-0.3341546,0.4276115
3.003496,2.890236,1.246203,-1.738242,0.7235324,-0.4175578,-0.3627902,0.4129525
3.021095,2.886203,1.248882,-1.707334,0.6915637,-0.4487217,-0.3862813,0.4137335
3.038387,2.883294,1.252739,-1.676923,0.6618582,-0.4723807,-0.4034018,0.4196037
3.055407,2.879752,1.256085,-1.646057,0.6410614,-0.4839017,-0.4252205,0.4172132
3.073056,2.877684,1.258065,-1.61615,0.6262371,-0.4874149,-0.4531347,0.406107
3.102231,2.876606,1.259555,-1.565118,0.5961491,-0.4927047,-0.5014901,0.3877577
3.119411,2.873137,1.260407,-1.537315,0.5723246,-0.5055315,-0.5179031,0.385563
3.13728,2.870802,1.262264,-1.50864,0.5465659,-0.5159361,-0.5349179,0.3859258
3.154084,2.86911,1.262271,-1.481361,0.5326419,-0.5119491,-0.5603805,0.374399
3.171446,2.866354,1.262535,-1.455999,0.5213038,-0.4983314,-0.5885177,0.3654519
3.188494,2.86564,1.263435,-1.430488,0.4978096,-0.4970578,-0.6040059,0.3745611
3.205527,2.865606,1.264204,-1.406287,0.4665341,-0.5065352,-0.6121649,0.3886158
3.223136,2.8642,1.261877,-1.37833,0.4407758,-0.5145774,-0.6256511,0.3866363
3.240397,2.86109,1.258656,-1.351328,0.4328772,-0.5118739,-0.6391497,0.3769486
3.258039,2.859629,1.255606,-1.325809,0.4385181,-0.5059207,-0.6486005,0.362027
3.275569,2.855084,1.251266,-1.296885,0.4403925,-0.5117175,-0.6483877,0.3518423
3.29247,2.851392,1.24517,-1.269801,0.4281536,-0.5286772,-0.642526,0.3526261
3.315106,2.841387,1.233835,-1.230762,0.4049241,-0.5575392,-0.6362994,0.3468567
3.332222,2.83137,1.224186,-1.201084,0.3919292,-0.5824496,-0.6285256,0.3348128
3.34961,2.822222,1.216345,-1.170827,0.3930517,-0.5993707,-0.6190996,0.3209064
3.367449,2.813896,1.21012,-1.14109,0.3955991,-0.6091179,-0.6083974,0.3198897
3.384704,2.808512,1.207179,-1.116019,0.357936,-0.6350744,-0.585032,0.3553869
3.407893,2.800375,1.198724,-1.084158,0.2664627,-0.6783916,-0.5611607,0.3922769
3.425166,2.791712,1.190752,-1.057294,0.2317269,-0.7014814,-0.5583032,0.3775235
3.44278,2.781476,1.185984,-1.030514,0.2354742,-0.7155957,-0.555922,0.3513197
3.460269,2.770862,1.182545,-1.003536,0.266721,-0.7212974,-0.546181,0.3320788
3.478894,2.765247,1.182376,-0.9869888,0.294629,-0.7166662,-0.5391652,0.329976
3.496488,2.753963,1.182594,-0.9518064,0.3387386,-0.7009284,-0.5227226,0.347443
3.513708,2.745882,1.183233,-0.9307614,0.3379585,-0.7007762,-0.5144664,0.3605846
3.531007,2.734696,1.183743,-0.9101491,0.3262767,-0.7069922,-0.5073301,0.3692177
3.559952,2.716762,1.188193,-0.8782383,0.3470443,-0.7074105,-0.4864733,0.3774581
3.577371,2.705573,1.193749,-0.85905,0.3820223,-0.7003941,-0.4661174,0.3824157
3.594592,2.69356,1.199816,-0.8405416,0.4093342,-0.6953782,-0.4432092,0.3904616
3.611733,2.682111,1.205693,-0.8238419,0.4300791,-0.6909596,-0.4208404,0.4006247
3.634024,2.66791,1.212599,-0.8042012,0.4565797,-0.6790908,-0.3982599,0.4144392
3.650734,2.657049,1.219379,-0.7893364,0.4787643,-0.6669002,-0.3802643,0.4259436
3.66781,2.645571,1.225224,-0.7760308,0.4927254,-0.6592821,-0.361389,0.4381402
3.684579,2.631496,1.231992,-0.761977,0.5049079,-0.6531165,-0.3381539,0.4518394
3.714014,2.608555,1.243843,-0.7377932,0.5249479,-0.6423413,-0.3003593,0.4707566
3.731411,2.593723,1.250695,-0.7244199,0.5417007,-0.6295995,-0.2768554,0.4832351
3.748285,2.579999,1.256497,-0.7124658,0.562643,-0.6092195,-0.2545327,0.4974914
3.765442,2.57254,1.259507,-0.7063028,0.5740308,-0.5963956,-0.2423262,0.5060425
3.782805,2.55068,1.270194,-0.6889181,0.6002487,-0.5596617,-0.1987922,0.5356883
3.799812,2.536553,1.275389,-0.6782861,0.6031874,-0.550374,-0.1758228,0.5498543
3.816905,2.523272,1.279939,-0.6666516,0.5998455,-0.5493246,-0.1601481,0.5592678
3.834134,2.50977,1.283439,-0.6564193,0.5942737,-0.5506665,-0.1445829,0.5680678
3.863704,2.487619,1.287951,-0.6394595,0.5830479,-0.5565377,-0.1221878,0.5791296
3.880893,2.475627,1.289841,-0.6298234,0.5791371,-0.5576406,-0.1108651,0.5842484
3.897658,2.46128,1.291752,-0.6190463,0.5826111,-0.5492971,-0.09697118,0.5911291
3.914756,2.446233,1.293142,-0.6085469,0.5955181,-0.5310307,-0.08596306,0.5966365
3.931702,2.431501,1.293556,-0.5983668,0.6124208,-0.510895,-0.07899173,0.5980698
3.948676,2.417361,1.292792,-0.5890549,0.6263387,-0.5017115,-0.08063789,0.5911708
3.965827,2.404086,1.291813,-0.5780178,0.6316655,-0.5088664,-0.08620331,0.5784659
3.982584,2.391777,1.290872,-0.5670096,0.6280332,-0.5238464,-0.08803795,0.5686903
4.004521,2.372779,1.291105,-0.5517179,0.6275694,-0.5314432,-0.08866759,0.5620168
4.021944,2.357931,1.291932,-0.5399625,0.6367325,-0.5308051,-0.09795283,0.5506569
4.038846,2.343957,1.293313,-0.5308428,0.6385704,-0.5351877,-0.09879972,0.5440962
4.055816,2.343957,1.293313,-0.5308428,0.6385704,-0.5351877,-0.09879972,0.5440962
4.072674,2.313238,1.296492,-0.5129086,0.6315382,-0.55381,-0.08337475,0.5361928
4.089557,2.299039,1.298209,-0.5034993,0.6416419,-0.5530184,-0.08170126,0.5251583
4.10649,2.28487,1.300489,-0.4935718,0.6618733,-0.5431907,-0.08490508,0.5095673
4.123264,2.271937,1.302488,-0.4840796,0.6816273,-0.5307823,-0.0875273,0.4959774
4.140476,2.260141,1.305869,-0.4732316,0.69177,-0.5252503,-0.08701683,0.4878468
4.157598,2.249121,1.308521,-0.4635032,0.6908706,-0.5312297,-0.08654223,0.4827042
4.174786,2.238439,1.310674,-0.45395,0.6841574,-0.5429196,-0.08876164,0.4788406
4.191941,2.227593,1.312203,-0.4447193,0.6813058,-0.5512761,-0.09302713,0.4725071
4.214268,2.212525,1.314307,-0.4331528,0.6940722,-0.5482522,-0.09828336,0.4560961
4.231194,2.202187,1.31727,-0.4249333,0.7010192,-0.5454537,-0.09983739,0.448425
4.248575,2.192599,1.322906,-0.4177102,0.6942613,-0.5512152,-0.09571845,0.4527704
4.265786,2.182997,1.326794,-0.4116239,0.6898854,-0.5535432,-0.09217872,0.4573306
4.282645,2.172546,1.330515,-0.4055109,0.6887297,-0.5530472,-0.08798252,0.4604882
4.299424,2.16335,1.333988,-0.3994433,0.682114,-0.556251,-0.08384608,0.4671994
4.329247,2.1443,1.338791,-0.3866495,0.6621549,-0.564944,-0.0860504,0.484752
4.346651,2.133642,1.341513,-0.3785663,0.6498604,-0.5676327,-0.09409004,0.4966101
4.363892,2.122496,1.343914,-0.3710228,0.6375434,-0.5695519,-0.1005191,0.5089645
4.380791,2.111456,1.345888,-0.3641261,0.625268,-0.573963,-0.1048212,0.5182847
4.398083,2.098651,1.348695,-0.3568366,0.6189871,-0.5761203,-0.1053681,0.5232953
4.414946,2.084706,1.351484,-0.3474313,0.6216936,-0.5743591,-0.1040035,0.5222949
4.431711,2.069756,1.355264,-0.3369094,0.6317887,-0.5694128,-0.1022874,0.5158968
4.448554,2.055311,1.358369,-0.3256546,0.6436771,-0.5629097,-0.1002666,0.5086837
4.466271,2.041101,1.362225,-0.3155106,0.6533247,-0.5589566,-0.1000102,0.5007319
4.483811,2.02827,1.366105,-0.3055756,0.6592823,-0.553945,-0.09741442,0.4990013
4.501265,2.016514,1.369488,-0.296658,0.6595839,-0.553408,-0.09677462,0.499323
4.51858,2.003719,1.373646,-0.2867261,0.658875,-0.5533484,-0.09449092,0.5007601
4.535542,1.991946,1.378067,-0.2771876,0.657849,-0.5532057,-0.09731133,0.5017259
4.552593,1.978746,1.382509,-0.2635645,0.6581585,-0.5542624,-0.1000069,0.4996191
4.569609,1.964373,1.388443,-0.2496832,0.6677858,-0.5492155,-0.0972441,0.4929181
4.586598,1.950077,1.394092,-0.2363837,0.6706536,-0.5474743,-0.09630702,0.4911422
4.603595,1.936787,1.400281,-0.225632,0.6619011,-0.548381,-0.09584446,0.5019753
4.620717,1.922999,1.406656,-0.2164071,0.6507455,-0.5473517,-0.09442627,0.5177068
4.637978,1.908624,1.413071,-0.2063753,0.6393339,-0.5461916,-0.09555144,0.5327259
4.6554,1.894243,1.418863,-0.1952488,0.6286188,-0.5462533,-0.09962389,0.5445373
4.672316,1.877355,1.425072,-0.1819492,0.6207714,-0.5434856,-0.1017035,0.5558081
4.694736,1.851456,1.433602,-0.1629829,0.6228132,-0.5349592,-0.09628159,0.5627187
4.711985,1.829735,1.440364,-0.1477763,0.6322376,-0.5245563,-0.08738709,0.5634535
4.729385,1.808306,1.446769,-0.1320235,0.6388842,-0.5123039,-0.08162964,0.5680742
4.746498,1.789032,1.45204,-0.1172585,0.6366329,-0.5041062,-0.0839588,0.5775175
4.763598,1.769681,1.4576,-0.1027945,0.6294569,-0.4971196,-0.08939809,0.5904779
4.792336,1.734116,1.466208,-0.07639068,0.6336296,-0.4755735,-0.08734317,0.6039162
4.809595,1.711584,1.47103,-0.0599026,0.6477535,-0.4576407,-0.08232263,0.6034927
4.827177,1.690048,1.476351,-0.04465397,0.6601591,-0.4383015,-0.0819445,0.6044559
4.844157,1.672574,1.480958,-0.03339098,0.6605964,-0.4244623,-0.08859444,0.6128583
4.861748,1.656699,1.485407,-0.02538458,0.6513749,-0.4160989,-0.09553948,0.6272517
4.878861,1.641862,1.489456,-0.01963074,0.6408522,-0.4103464,-0.09739158,0.6414353
4.89622,1.62742,1.493551,-0.01575186,0.6357076,-0.4047131,-0.09576902,0.6503164
4.913465,1.613347,1.497797,-0.0137666,0.6367266,-0.3970485,-0.09346454,0.654367
4.930958,1.601475,1.502578,-0.01457849,0.6399524,-0.3932961,-0.09327114,0.6535134
4.948529,1.591604,1.507477,-0.02048733,0.6379253,-0.3970892,-0.09366477,0.6531451
4.966371,1.583308,1.511901,-0.03068094,0.6300564,-0.4055049,-0.09092986,0.6559927
4.983241,1.57502,1.516776,-0.04674105,0.6191445,-0.4168146,-0.08364905,0.6602489
5.000765,1.568163,1.52022,-0.06584744,0.6099144,-0.4298524,-0.07562289,0.6614473
5.017959,1.564025,1.522716,-0.08666519,0.6033379,-0.4463795,-0.06810088,0.6573364
5.035404,1.561602,1.525282,-0.1111382,0.5995188,-0.4652567,-0.05820926,0.6486333
5.052504,1.560102,1.526081,-0.1387579,0.5955634,-0.4847423,-0.04301682,0.6391234
5.069554,1.560351,1.525759,-0.1674522,0.5894173,-0.5024472,-0.02607197,0.632024
5.099008,1.567876,1.522067,-0.2260296,0.5662065,-0.5415944,0.003292615,0.6213492
5.116578,1.574899,1.517426,-0.2595357,0.5489067,-0.5656937,0.01969086,0.6150646
5.133578,1.583181,1.511572,-0.2929698,0.5350885,-0.58831,0.03870849,0.60504
5.151032,1.593481,1.505099,-0.3278023,0.5264694,-0.6091698,0.06077295,0.5899566
5.168074,1.60501,1.498603,-0.3605898,0.5209743,-0.6270825,0.08217566,0.5732369
5.185306,1.618526,1.490898,-0.3920551,0.5141148,-0.644658,0.1012034,0.5566507
5.202322,1.63307,1.482506,-0.4214983,0.5049098,-0.6622982,0.1190327,0.5406093
5.219492,1.647688,1.474233,-0.4486109,0.4961452,-0.6775253,0.1360131,0.5256424
5.236814,1.665813,1.464003,-0.4790781,0.4865294,-0.6935433,0.1561462,0.5078438
5.254452,1.68343,1.454652,-0.5057073,0.47761,-0.7070025,0.17456,0.4914927
5.271772,1.701849,1.445701,-0.5310364,0.4697333,-0.7196199,0.1931594,0.4734843
5.289317,1.720679,1.435975,-0.5547223,0.4636225,-0.7307003,0.2099712,0.4550202
5.306158,1.737526,1.427084,-0.5747072,0.4585578,-0.7393428,0.2233955,0.4395355
5.323231,1.754941,1.417346,-0.5948654,0.4541593,-0.7477778,0.2378876,0.4218735
5.340436,1.770405,1.409295,-0.6120024,0.4519294,-0.7541021,0.2508815,0.4051523
5.357736,1.785863,1.401105,-0.6290697,0.4504193,-0.7594008,0.2643656,0.3879997
5.374747,1.80128,1.392702,-0.6457083,0.4483723,-0.7638678,0.2768911,0.3725582
5.409025,1.827965,1.377555,-0.6737055,0.4440792,-0.7708616,0.2964128,0.3474268
5.426643,1.840526,1.369904,-0.687292,0.4435225,-0.7732294,0.3051326,0.3351091
5.443913,1.851509,1.363201,-0.7003876,0.4416916,-0.7748764,0.3132804,0.3260838
5.461765,1.863415,1.356357,-0.7142551,0.4359379,-0.777949,0.3213544,0.3185669
5.478947,1.873593,1.350738,-0.7267404,0.4294419,-0.7813978,0.3265138,0.3136653
5.496331,1.88312,1.345026,-0.7393806,0.4237842,-0.7849105,0.3297447,0.3091776
5.513414,1.889765,1.340792,-0.7502086,0.421315,-0.7866976,0.3323271,0.3052202
5.530789,1.894855,1.337356,-0.7616684,0.4205547,-0.7865977,0.3365468,0.3018845
5.559803,1.900333,1.333588,-0.7809728,0.4198104,-0.7842393,0.3445159,0.3000613
5.577152,1.901522,1.331972,-0.792053,0.4198195,-0.7831759,0.3467195,0.3002875
5.594091,1.901492,1.331745,-0.8015486,0.4198209,-0.7829549,0.3457963,0.3019222
5.611398,1.899657,1.332786,-0.8118639,0.4197925,-0.7829389,0.3422831,0.3059791
5.628409,1.896078,1.335414,-0.8211092,0.4219842,-0.7813615,0.3390898,0.3105185
5.645682,1.890292,1.339687,-0.8293781,0.4274587,-0.7779842,0.3369896,0.3137796
5.662922,1.882692,1.344904,-0.8369428,0.4357563,-0.7735841,0.3337106,0.3167355
5.680281,1.873914,1.351522,-0.8436434,0.4443443,-0.7697045,0.3276966,0.3205121
5.697321,1.864328,1.358778,-0.8484733,0.4527063,-0.7669972,0.3184985,0.3245475
5.714644,1.853523,1.366568,-0.8519112,0.4618196,-0.763971,0.3083516,0.3286187
5.732405,1.841602,1.37528,-0.8545002,0.4710066,-0.7598804,0.2987311,0.3339076
5.749233,1.829899,1.382692,-0.8563578,0.4790128,-0.7554137,0.2893021,0.3408829
5.766281,1.816982,1.389914,-0.8574268,0.4863734,-0.750683,0.2779509,0.3502277
5.783206,1.803663,1.396449,-0.8573224,0.4935141,-0.7462464,0.2645754,0.3599445
5.800004,1.789391,1.402207,-0.8561504,0.5010185,-0.7414342,0.2509955,0.3691302
5.817135,1.774796,1.408512,-0.8539265,0.5069047,-0.7360809,0.2377585,0.380399
5.83418,1.760191,1.414535,-0.851087,0.5098752,-0.7308083,0.2241092,0.3946158
5.851336,1.745775,1.420549,-0.8471968,0.5120767,-0.7252674,0.2108887,0.4090118
5.869214,1.730239,1.426359,-0.8418569,0.5155069,-0.7187097,0.1973576,0.4227991
5.886644,1.714964,1.432064,-0.8356681,0.5202073,-0.7110176,0.1841805,0.4357934
5.903617,1.699188,1.438018,-0.8278866,0.5246667,-0.7031432,0.1708785,0.4484586
5.920769,1.685278,1.443153,-0.8199,0.5290904,-0.6954283,0.1589694,0.4595341
5.93839,1.669093,1.449483,-0.8092459,0.5352518,-0.6854006,0.1470497,0.4712833
5.955299,1.654899,1.455369,-0.798794,0.5404109,-0.6752159,0.1353419,0.4834481
5.972389,1.640386,1.460262,-0.786139,0.5418953,-0.6664013,0.1208669,0.4976445
5.99002,1.626377,1.464432,-0.7732748,0.5412765,-0.6582859,0.1058494,0.5123235
6.019281,1.60131,1.471444,-0.7494836,0.5495074,-0.6388055,0.08541612,0.5316702
6.036464,1.586527,1.475393,-0.7342156,0.5597356,-0.6252487,0.07585107,0.5385227
6.053252,1.572803,1.479013,-0.7187144,0.5702542,-0.6110855,0.06609781,0.5449914
6.070423,1.55925,1.482361,-0.7024382,0.578712,-0.5965133,0.05574808,0.5533141
6.092988,1.542161,1.485475,-0.6808804,0.5862783,-0.5786911,0.04232107,0.5653347
6.110554,1.529114,1.487257,-0.6637239,0.5919862,-0.5649803,0.03350699,0.5737829
6.127751,1.516182,1.487793,-0.6466014,0.600292,-0.550574,0.02613917,0.5795123
6.144774,1.503564,1.488313,-0.6291194,0.6129335,-0.5352228,0.0200524,0.5809019
6.173518,1.483613,1.488101,-0.5996376,0.636726,-0.5092179,0.008730891,0.5789654
6.191015,1.473007,1.487104,-0.5831275,0.6446097,-0.4962215,-0.0001007554,0.5815862
6.208283,1.46233,1.485819,-0.568202,0.6480939,-0.4846284,-0.008740191,0.5873954
6.225317,1.451913,1.483921,-0.5557781,0.6500786,-0.4735367,-0.01487473,0.5940872
6.242999,1.439873,1.481975,-0.5431449,0.6534678,-0.4614935,-0.0195735,0.5996838
6.260396,1.428852,1.479686,-0.5318689,0.6596178,-0.4503624,-0.02516763,0.6012026
6.277511,1.417281,1.477879,-0.5209433,0.6682619,-0.4389224,-0.03159672,0.5998123
6.294527,1.405442,1.476476,-0.5118597,0.6761746,-0.4286942,-0.03635022,0.59807
6.311815,1.39329,1.475511,-0.5054857,0.6817861,-0.4197532,-0.03980108,0.5978218
6.329526,1.378711,1.474459,-0.500932,0.6835052,-0.4138171,-0.04130961,0.5998914
6.34716,1.36505,1.474041,-0.4993777,0.683426,-0.4105825,-0.04108543,0.6022151
6.364172,1.350246,1.474507,-0.5003717,0.681714,-0.4096981,-0.04105331,0.6047547
6.381226,1.335944,1.475756,-0.5033258,0.6787359,-0.4108007,-0.04193149,0.6072909
6.398413,1.32113,1.478201,-0.5077537,0.6777347,-0.4128713,-0.04300339,0.6069297
6.415313,1.304779,1.481485,-0.5143911,0.6813302,-0.4164604,-0.04359487,0.6003744
6.4368,1.284879,1.487268,-0.5253059,0.6868091,-0.4237623,-0.04239509,0.5890004
6.453668,1.269071,1.492494,-0.5374281,0.6860133,-0.4328154,-0.03971082,0.5835063
6.489717,1.236201,1.503688,-0.5743672,0.6736898,-0.4593638,-0.02543011,0.5783427
6.514874,1.213634,1.512191,-0.6084954,0.6627706,-0.4780105,-0.004055486,0.5763894
6.537851,1.195534,1.520646,-0.6423734,0.6493769,-0.4979435,0.01450046,0.5745883
6.560714,1.17878,1.529379,-0.677575,0.6392305,-0.51899,0.03087798,0.5666394
6.578991,1.166364,1.535945,-0.7061392,0.6340864,-0.5344605,0.04508057,0.5570047
6.601665,1.153268,1.543818,-0.743344,0.6246203,-0.5535694,0.06469809,0.5470142
6.619165,1.146629,1.549637,-0.7721894,0.6125833,-0.5680601,0.08025162,0.5436995
6.636479,1.142192,1.555648,-0.8040826,0.5942973,-0.5867943,0.09799615,0.5411838
6.653836,1.140455,1.561318,-0.8349669,0.5761374,-0.6074017,0.1121445,0.535306
6.670987,1.1402,1.566209,-0.8627461,0.562813,-0.6255322,0.1244701,0.5257929
6.688081,1.14081,1.570741,-0.8897409,0.5526619,-0.642092,0.1394916,0.5126646
6.704934,1.143144,1.574188,-0.9158439,0.5437136,-0.6561775,0.1548043,0.4998421
6.722167,1.147385,1.576801,-0.9423146,0.5323027,-0.6713778,0.1709038,0.4865158
6.739276,1.152853,1.57844,-0.9668825,0.5207528,-0.685703,0.1839616,0.4741162
6.756628,1.159342,1.579055,-0.9893705,0.5097889,-0.6998532,0.1955303,0.460531
6.773829,1.165915,1.578568,-1.010866,0.4997999,-0.7136983,0.2064622,0.4452057
6.791221,1.172668,1.57758,-1.031083,0.4920453,-0.7252349,0.217848,0.4294975
6.808563,1.178949,1.575956,-1.050296,0.4866818,-0.734128,0.2321135,0.4126987
6.825819,1.185453,1.573455,-1.068819,0.4820019,-0.7417585,0.2480666,0.3948815
6.848011,1.194403,1.568616,-1.090579,0.4723765,-0.7518101,0.267264,0.3744488
6.86507,1.202999,1.563931,-1.107149,0.4607814,-0.7601779,0.2794651,0.3629179
6.882148,1.210472,1.558918,-1.120891,0.4516111,-0.7668315,0.2894095,0.352504
6.899286,1.217106,1.553767,-1.133096,0.4481505,-0.7704221,0.3005893,0.3394954
6.916574,1.222545,1.548829,-1.143788,0.4501705,-0.7705835,0.3161525,0.3218623
6.945347,1.229586,1.54071,-1.159063,0.4585769,-0.7649367,0.343856,0.2938401
6.962645,1.233259,1.535803,-1.166069,0.4621396,-0.7611182,0.3578199,0.2812314
6.979897,1.237101,1.530583,-1.171708,0.4635253,-0.7588163,0.3692144,0.2702275
6.997266,1.241213,1.525051,-1.175838,0.4636832,-0.758624,0.3777334,0.2584671
7.014494,1.244008,1.520039,-1.17777,0.4645085,-0.7584929,0.3840975,0.2477688
7.031712,1.24549,1.515119,-1.178084,0.468035,-0.7557552,0.3919088,0.2370334
7.04879,1.245925,1.511023,-1.176717,0.4722074,-0.7514068,0.3998572,0.2291773
7.066205,1.246345,1.506528,-1.174508,0.4750935,-0.7478143,0.4061646,0.2238089
7.083439,1.246716,1.501704,-1.170505,0.4754428,-0.7470282,0.4089502,0.220597
7.100916,1.24674,1.497082,-1.164626,0.4737854,-0.7485145,0.4085455,0.2198729
7.118469,1.24554,1.492768,-1.157323,0.4736902,-0.7494485,0.4069307,0.2198909
7.135782,1.242614,1.48824,-1.147972,0.4779188,-0.7477475,0.4056118,0.2189669
7.152727,1.238192,1.483755,-1.138158,0.4856278,-0.7430168,0.4060222,0.2173425
7.169913,1.233625,1.479323,-1.126907,0.4941718,-0.7359147,0.4085802,0.2174532
7.186821,1.22955,1.474719,-1.11557,0.4994949,-0.730005,0.4097577,0.2229267
7.204157,1.226076,1.469342,-1.102169,0.5012115,-0.7276659,0.406414,0.2326308
7.221075,1.222445,1.464164,-1.088533,0.5028744,-0.7272081,0.3992169,0.2427173
7.23846,1.216868,1.458473,-1.072673,0.5085579,-0.7237102,0.392678,0.2518262
7.256267,1.209617,1.452693,-1.056016,0.5183902,-0.7158222,0.3894872,0.2591718
7.273849,1.202477,1.447604,-1.040561,0.5277827,-0.7075214,0.3873672,0.2660932
7.291275,1.195846,1.441802,-1.02367,0.5368702,-0.6989962,0.382184,0.2776869
7.308236,1.189821,1.435653,-1.007166,0.5429379,-0.6927662,0.3749417,0.2910537
7.325364,1.184237,1.430471,-0.9905474,0.5466748,-0.6875508,0.3663906,0.3068852
7.342377,1.179068,1.42587,-0.9728994,0.5486064,-0.6828966,0.3574129,0.3239434
7.359435,1.174651,1.42121,-0.9555131,0.5532023,-0.6766649,0.3487515,0.3383258
7.376517,1.168606,1.416434,-0.9365373,0.5644578,-0.6659681,0.3413394,0.3483695
7.393656,1.162104,1.411227,-0.9175207,0.5796349,-0.6509039,0.336197,0.356818
7.411164,1.155573,1.405513,-0.8965871,0.5946839,-0.6340905,0.3302566,0.3677102
7.428673,1.151596,1.399515,-0.8775667,0.6036233,-0.6216627,0.3223477,0.3811384
7.445581,1.148865,1.393611,-0.8584155,0.6080567,-0.6118178,0.3131718,0.3973279
7.463685,1.146137,1.386909,-0.836682,0.612219,-0.600477,0.3031448,0.4155941
7.481015,1.144686,1.380384,-0.817284,0.617684,-0.5882045,0.2940752,0.4312792
7.498163,1.142834,1.37461,-0.7987257,0.6258871,-0.5741917,0.2849412,0.4442723
7.515629,1.141194,1.368862,-0.7785527,0.6360234,-0.5587562,0.2751819,0.4555663
7.537468,1.139708,1.361931,-0.752799,0.6483089,-0.5393286,0.2611521,0.4697019
7.567098,1.14123,1.35411,-0.7201674,0.6560999,-0.5218991,0.2366206,0.4910854
7.585022,1.142828,1.350314,-0.7009477,0.6593212,-0.5139132,0.2200494,0.5027595
7.601902,1.144171,1.347137,-0.6828907,0.6651176,-0.5045177,0.2054624,0.5107501
7.619221,1.144181,1.344467,-0.664972,0.6761233,-0.4918282,0.1933399,0.5134024
7.63622,1.143261,1.342195,-0.647108,0.6918021,-0.476779,0.1814214,0.5110558
7.653497,1.141872,1.340743,-0.6287894,0.710615,-0.4605895,0.1680604,0.5046181
7.670893,1.1397,1.339389,-0.6114166,0.7281475,-0.4455681,0.1563812,0.496805
7.688213,1.137354,1.339258,-0.5955001,0.742282,-0.432937,0.1444239,0.490637
7.716967,1.132629,1.339013,-0.5722507,0.7542711,-0.421771,0.1226241,0.4880038
7.734383,1.127913,1.339339,-0.5594953,0.7605101,-0.4163969,0.1100538,0.4859282
7.751585,1.121392,1.340124,-0.5469413,0.7714262,-0.4082187,0.097296,0.4783228
7.769147,1.113186,1.341316,-0.5347238,0.7836734,-0.3982954,0.0875709,0.4685597
7.786623,1.104323,1.343579,-0.5239044,0.7926242,-0.3889852,0.07899813,0.4628139
7.803508,1.095391,1.34709,-0.5144096,0.7959517,-0.3836948,0.06838121,0.4632097
7.820842,1.08544,1.350953,-0.5067576,0.795769,-0.381269,0.05818848,0.4669044
7.837907,1.075346,1.355105,-0.5014601,0.7950567,-0.378836,0.05205388,0.4708063
7.855502,1.062738,1.36,-0.4965509,0.7940222,-0.3766091,0.04973468,0.4745745
7.873036,1.050432,1.365153,-0.493426,0.7922129,-0.375185,0.04944941,0.4787377
7.890819,1.038464,1.370828,-0.4916732,0.7904947,-0.3740568,0.04718985,0.4826725
7.907948,1.026887,1.3769,-0.4910214,0.7891496,-0.3745185,0.04267108,0.4849309
7.924975,1.014259,1.38424,-0.4929015,0.7854221,-0.3787727,0.03979646,0.4879135
7.942168,1.003297,1.392141,-0.4966499,0.7774247,-0.3874791,0.04011774,0.4938234
7.959543,0.9920697,1.400331,-0.5023843,0.7678159,-0.3976995,0.04124812,0.5005921
7.976593,0.9818934,1.408014,-0.5087586,0.760848,-0.4056021,0.04146096,0.5048547
7.993868,0.9717463,1.416777,-0.5164512,0.755762,-0.4125346,0.04061189,0.5069417
8.023157,0.9559473,1.433488,-0.53503,0.7442793,-0.4279005,0.0425549,0.5110173
8.040844,0.9466216,1.443559,-0.5490075,0.7364765,-0.4374732,0.04758506,0.5137658
8.057877,0.938853,1.452442,-0.5629923,0.7295573,-0.4465907,0.05230934,0.5153317
8.075182,0.9311218,1.461935,-0.5795547,0.722085,-0.4577756,0.05665278,0.5155824
8.0929,0.9243236,1.470106,-0.597056,0.7146841,-0.470725,0.06184817,0.5136336
8.110018,0.9186813,1.478277,-0.6156067,0.7084765,-0.4834399,0.06924463,0.5094626
8.127349,0.9132505,1.485845,-0.6371235,0.7022619,-0.4949417,0.07987873,0.5054507
8.144561,0.9092998,1.492499,-0.6591308,0.6950641,-0.5060761,0.09171838,0.5023552
8.173413,0.9067213,1.501384,-0.6991863,0.6818327,-0.5298835,0.1093352,0.4923145
8.190839,0.9071239,1.505495,-0.7237328,0.6774621,-0.5435807,0.1203257,0.480715
8.208191,0.9090308,1.508991,-0.7493101,0.6727353,-0.5558274,0.1343551,0.4695017
8.229901,0.9143922,1.511388,-0.7832251,0.6604348,-0.5739965,0.1548024,0.4586829
8.248042,0.9214813,1.51187,-0.8121409,0.6484835,-0.5897272,0.1719176,0.4495947
8.265236,0.9305295,1.510996,-0.8389017,0.6369746,-0.6043199,0.1896987,0.4394033
8.282691,0.9417276,1.508339,-0.8654813,0.6253148,-0.6180341,0.2069186,0.4291853
8.299884,0.9548669,1.504615,-0.8916457,0.6118364,-0.6326782,0.2255361,0.4177417
8.328965,0.9804298,1.496127,-0.931622,0.5890551,-0.6555352,0.2568806,0.3966109
8.346567,0.9990255,1.489407,-0.9544077,0.5755646,-0.668793,0.2760436,0.3811055
8.363864,1.017369,1.481934,-0.9733792,0.5646347,-0.679546,0.2926127,0.3657631
8.380868,1.036411,1.472984,-0.991132,0.5540051,-0.6889924,0.3106491,0.3490918
8.398778,1.055699,1.463343,-1.006704,0.5441796,-0.6970636,0.3296812,0.3305773
8.415601,1.07544,1.453528,-1.019602,0.5358695,-0.7036619,0.3463201,0.3126762
8.433149,1.095923,1.442163,-1.03125,0.52597,-0.7103662,0.3624431,0.2955849
8.450339,1.114174,1.431567,-1.039728,0.5181735,-0.7151044,0.3774839,0.2786179
8.480184,1.147771,1.409462,-1.050129,0.5099586,-0.7200163,0.4037056,0.2419516
8.497437,1.163557,1.397568,-1.053145,0.5074971,-0.7201822,0.4193424,0.2189436
8.514626,1.178087,1.385403,-1.053759,0.5095502,-0.7175377,0.4366803,0.1865709
8.532207,1.190503,1.37321,-1.051406,0.515047,-0.7139412,0.4499488,0.1502023
8.549251,1.201833,1.361526,-1.046235,0.5187444,-0.7141703,0.45537,0.1162028
8.566152,1.211844,1.350154,-1.039249,0.5215635,-0.7167751,0.4550549,0.08443993
8.583635,1.219382,1.337668,-1.030229,0.5279977,-0.716217,0.4541191,0.04502858
8.600665,1.224136,1.325286,-1.019824,0.5380203,-0.7123079,0.4507231,0.0006447026
8.618311,1.229393,1.312645,-1.00763,0.5450535,-0.7127469,0.4399238,-0.03709182
8.635895,1.233751,1.301228,-0.9944466,0.5482631,-0.7201385,0.420628,-0.06229204
8.653538,1.237397,1.290341,-0.9791057,0.5539125,-0.727782,0.396813,-0.0778066
8.670458,1.239874,1.280737,-0.9647498,0.5616277,-0.7321506,0.3754846,-0.08684067
8.687815,1.241441,1.272385,-0.9506269,0.5699058,-0.7340142,0.3575301,-0.09275163
8.704666,1.243461,1.26528,-0.9357452,0.5768011,-0.7364035,0.3414774,-0.09167137
8.72172,1.246333,1.259612,-0.9208639,0.5806778,-0.7411525,0.3275937,-0.07866854
8.738731,1.24952,1.255899,-0.9065182,0.5817185,-0.7463359,0.3183728,-0.05679016
8.7559,1.253,1.252954,-0.8912518,0.582941,-0.750549,0.3097979,-0.02968665
8.772982,1.254952,1.249335,-0.875879,0.5864651,-0.752501,0.2995717,-0.007601449
8.790456,1.25643,1.244498,-0.8591202,0.5926415,-0.7525398,0.2870567,0.007640564
8.807928,1.25709,1.241134,-0.8429798,0.5982538,-0.7517799,0.2765081,0.0215089
8.825307,1.258162,1.239483,-0.8276498,0.6012224,-0.7509493,0.2699396,0.04170638
8.842239,1.260154,1.238645,-0.8128954,0.6020438,-0.7501599,0.2653238,0.06638378
8.859732,1.262211,1.237634,-0.7973182,0.6033128,-0.7490149,0.2583486,0.09081066
8.877156,1.263382,1.235921,-0.7818357,0.6077288,-0.745485,0.2511334,0.1088573
8.894178,1.263886,1.236064,-0.7681096,0.6136054,-0.7386658,0.2485063,0.1269094
8.911047,1.263524,1.237081,-0.7545987,0.619305,-0.7295087,0.2496006,0.1482501
8.93336,1.262966,1.238977,-0.7367916,0.6242499,-0.7166309,0.2509235,0.1838195
8.950815,1.264014,1.242662,-0.7221606,0.6236517,-0.708122,0.2483857,0.2189208
8.968426,1.263603,1.246396,-0.7072476,0.6224948,-0.699679,0.2405914,0.2550793
8.985295,1.262344,1.249442,-0.6925088,0.6238893,-0.6898952,0.229248,0.2867965
9.00247,1.25981,1.254258,-0.6776376,0.6268992,-0.6774743,0.2174756,0.3173804
9.019485,1.255275,1.259871,-0.6626182,0.6279942,-0.6650765,0.2089734,0.3458709
9.036624,1.250362,1.26595,-0.6491923,0.6248531,-0.6553993,0.2022203,0.3729845
9.054446,1.244728,1.272476,-0.6348165,0.6190122,-0.6481674,0.1937725,0.3989426
9.071489,1.238704,1.279238,-0.6202267,0.6135177,-0.6407407,0.1813967,0.4244322
9.089015,1.230764,1.286377,-0.6052426,0.6107329,-0.630538,0.1672925,0.448821
9.106819,1.22051,1.294473,-0.5913169,0.6146981,-0.6168125,0.1592741,0.4651026
9.124393,1.209139,1.302981,-0.5788746,0.621235,-0.601404,0.1567563,0.4772922
9.141232,1.199458,1.310831,-0.568147,0.6196983,-0.5903823,0.1539308,0.4936883
9.158494,1.190773,1.31858,-0.558884,0.6093819,-0.5817177,0.1488503,0.5177855
9.175261,1.183135,1.326384,-0.5518112,0.598948,-0.5720371,0.143585,0.5416809
9.192425,1.175993,1.334529,-0.5451888,0.5942593,-0.5601536,0.1374839,0.5605194
9.209481,1.168438,1.343567,-0.5370615,0.6000816,-0.5483015,0.129722,0.5678378
9.226725,1.161855,1.351963,-0.5304355,0.6132786,-0.5409673,0.1230234,0.5622358
9.244542,1.157327,1.360605,-0.5276582,0.6226639,-0.5348864,0.1188163,0.5586313
9.262575,1.156047,1.370456,-0.5308451,0.6148589,-0.5314254,0.1178131,0.5706626
9.280259,1.158246,1.378282,-0.5374565,0.5969555,-0.5351403,0.1153637,0.5864811
9.297137,1.161752,1.384876,-0.5454215,0.583856,-0.5396265,0.1119457,0.5961406
9.314511,1.16504,1.391996,-0.5545838,0.5872108,-0.539578,0.1118427,0.5928999
9.331494,1.169127,1.397667,-0.5648475,0.5988318,-0.5390841,0.1144095,0.5811191
9.348677,1.176289,1.40221,-0.5790559,0.6044905,-0.543499,0.1199945,0.5699135
9.365705,1.185762,1.404668,-0.5970264,0.599849,-0.5513871,0.1296279,0.5651106
9.382971,1.198151,1.405345,-0.6190134,0.5867312,-0.5606868,0.1436967,0.5663286
9.400332,1.212549,1.403899,-0.642707,0.570785,-0.5711461,0.1617865,0.5672933
9.417654,1.228054,1.399801,-0.666303,0.5602977,-0.5807617,0.1800878,0.5624506
9.434878,1.246138,1.393297,-0.6920092,0.5521023,-0.5895288,0.201837,0.5539863
9.452874,1.26654,1.385076,-0.7189466,0.5408592,-0.5965565,0.2256943,0.548319
9.470232,1.289158,1.375465,-0.7450869,0.5266114,-0.6037999,0.2486958,0.5442947
9.487709,1.314695,1.364003,-0.7713284,0.5122656,-0.6138225,0.270358,0.5363884
9.50475,1.33963,1.35243,-0.7945923,0.5018771,-0.6235402,0.2899631,0.5246318
9.52228,1.36941,1.339,-0.8202192,0.4890164,-0.6323528,0.3124948,0.5131666
9.539411,1.399769,1.325608,-0.8439148,0.4721407,-0.6405791,0.3315232,0.506788
9.568259,1.450099,1.303386,-0.8777451,0.4521694,-0.6525297,0.3549801,0.4936973
9.585526,1.483071,1.289265,-0.8976507,0.4459902,-0.6576471,0.3672558,0.483442
9.60282,1.514132,1.276818,-0.9146222,0.4378334,-0.6635825,0.3769515,0.4752555
9.619747,1.545609,1.264633,-0.9299489,0.4276616,-0.6714535,0.3820659,0.4693414
9.636721,1.57724,1.252982,-0.9434187,0.4209519,-0.6782361,0.3842283,0.4638577
9.653625,1.605907,1.242463,-0.9551628,0.4219865,-0.6794639,0.3882989,0.4576901
9.671221,1.634763,1.232481,-0.9665806,0.4223658,-0.6774989,0.3942707,0.4551406
9.688212,1.663202,1.223619,-0.9772587,0.4133135,-0.6784128,0.3973527,0.4593898
9.70575,1.690223,1.216149,-0.9861655,0.4015294,-0.6822055,0.3970035,0.4644975
9.723132,1.714826,1.210295,-0.9933646,0.3914627,-0.6857646,0.3946276,0.4698435
9.74041,1.736987,1.206408,-0.9997935,0.3787825,-0.6882193,0.389791,0.4805632
9.757557,1.757926,1.204049,-1.005575,0.3599961,-0.6909269,0.3797331,0.4988243
9.774553,1.773604,1.204058,-1.009823,0.3452044,-0.6910107,0.3672543,0.5181336
9.791751,1.785075,1.207281,-1.013417,0.3378046,-0.6858571,0.3532973,0.5391374
9.809202,1.792606,1.214143,-1.016362,0.3338493,-0.6769624,0.3355843,0.5636044
9.826756,1.797808,1.222887,-1.017941,0.3280836,-0.6682663,0.3140529,0.5891963
9.843719,1.800995,1.233411,-1.019697,0.3186377,-0.6579764,0.2892326,0.6179656
9.861093,1.802845,1.245445,-1.02186,0.3061022,-0.6431701,0.2629039,0.6507806
9.878852,1.803044,1.258904,-1.024288,0.2907245,-0.6266061,0.2357008,0.6835855
9.896111,1.801771,1.272116,-1.025493,0.2771387,-0.6132432,0.2099864,0.709248
9.913328,1.798869,1.285606,-1.025924,0.2711442,-0.5980078,0.1864549,0.7308229
9.930278,1.794505,1.300505,-1.025947,0.2752396,-0.5771806,0.1652942,0.7508553
9.947544,1.790028,1.315824,-1.02625,0.2856914,-0.5551913,0.1461332,0.7673254
9.964314,1.787937,1.327168,-1.027069,0.2913432,-0.5373904,0.1305617,0.7805668
9.981543,1.787855,1.338896,-1.030462,0.2841509,-0.5184157,0.1159552,0.7981589
9.998491,1.789275,1.346643,-1.034912,0.2731766,-0.5023741,0.108213,0.8131942
10.01599,1.792712,1.352976,-1.040611,0.2663431,-0.4851076,0.1026812,0.8265523
10.03323,1.798218,1.359342,-1.046878,0.2655732,-0.4704359,0.09683546,0.8359329
10.05053,1.805997,1.364905,-1.053794,0.2687382,-0.4602188,0.09083593,0.8412653
10.06801,1.816905,1.368566,-1.063586,0.2704523,-0.4531764,0.08629416,0.8450089
10.0849,1.829581,1.370408,-1.075178,0.2691908,-0.4502368,0.08473387,0.8471383
10.10217,1.84528,1.368751,-1.090978,0.2643878,-0.4511003,0.08703302,0.8479581
10.11921,1.861557,1.364532,-1.108952,0.2527263,-0.45231,0.09194351,0.8503479
10.13652,1.880087,1.35634,-1.131052,0.2317577,-0.4557821,0.1013877,0.8533883
10.15359,1.899788,1.344546,-1.155502,0.2085725,-0.4625318,0.1157658,0.8539087
10.17097,1.919947,1.33154,-1.180285,0.187558,-0.4706626,0.1348174,0.8515416
10.18835,1.942681,1.315119,-1.209629,0.1664143,-0.4772987,0.1561744,0.8485881
10.20554,1.965241,1.297696,-1.238036,0.1403112,-0.4823892,0.1733896,0.847083
10.22273,1.988626,1.279198,-1.265617,0.1160609,-0.4894356,0.1891247,0.8433354
10.23991,2.012145,1.259363,-1.294158,0.1021975,-0.4957455,0.2068591,0.8372583
10.25783,2.037099,1.236849,-1.325414,0.09426135,-0.498787,0.230896,0.8300683
10.27502,2.059791,1.215403,-1.353413,0.07884971,-0.5005204,0.2536931,0.8239551
10.29226,2.088161,1.187749,-1.384897,0.04900315,-0.5050794,0.2777653,0.8156837
10.30946,2.116393,1.160851,-1.415808,0.02517762,-0.510497,0.3002103,0.8053774
10.3262,2.142041,1.138148,-1.445463,0.01713764,-0.512753,0.3235975,0.7950317
10.34388,2.171125,1.114024,-1.477791,0.01313178,-0.5138324,0.3505732,0.7828808
10.36129,2.200119,1.092197,-1.508546,0.003471796,-0.5182188,0.375509,0.7683945
10.37869,2.233058,1.070338,-1.542011,-0.006658605,-0.5250971,0.4002612,0.7510125
10.39579,2.26583,1.052043,-1.57434,-0.00972465,-0.5290183,0.4256993,0.7340472
10.4131,2.299565,1.036057,-1.605838,-0.01197637,-0.5307899,0.4515693,0.7170802
10.43014,2.336753,1.021421,-1.63731,-0.02057509,-0.5357441,0.4764177,0.6968365
10.44768,2.380657,1.008462,-1.669953,-0.0347348,-0.5468218,0.4991447,0.6712927
10.46502,2.423255,0.9996282,-1.699887,-0.04619995,-0.5596562,0.5189301,0.644486
10.49438,2.496023,0.9924634,-1.750519,-0.04986919,-0.5765969,0.5508803,0.6013153
10.51177,2.538245,0.9911991,-1.780383,-0.04584371,-0.5807785,0.5716972,0.5777171
10.52916,2.58012,0.991554,-1.810141,-0.04490933,-0.5815048,0.5946242,0.5534055
10.54621,2.622287,0.9922803,-1.837941,-0.05460247,-0.5868191,0.6080999,0.5318613
10.56332,2.667028,0.9950636,-1.864944,-0.07209188,-0.6013692,0.6092953,0.5117785
10.58029,2.708206,1.00001,-1.890922,-0.08292238,-0.6156651,0.6096277,0.4923765
10.59725,2.747548,1.006115,-1.919436,-0.0817463,-0.6248159,0.6156497,0.4731788
10.61422,2.78298,1.012161,-1.948565,-0.07151197,-0.6279983,0.6279374,0.4540912
10.63253,2.819824,1.019157,-1.980834,-0.05660902,-0.6279699,0.644887,0.4319377
10.65003,2.855611,1.024838,-2.010699,-0.04946397,-0.6282378,0.6569467,0.413874
10.6674,2.892117,1.030912,-2.038448,-0.04785819,-0.6346523,0.6577687,0.4028232
10.68457,2.928752,1.037287,-2.06551,-0.04756872,-0.645106,0.6541682,0.3919688
10.70152,2.961332,1.043942,-2.089815,-0.04584818,-0.6561574,0.6516768,0.3777206
10.71897,2.99422,1.051044,-2.115642,-0.04026406,-0.6661434,0.6511043,0.3615176
10.7358,3.026867,1.058747,-2.142835,-0.03247449,-0.6708794,0.654109,0.3478619
10.7533,3.057026,1.065554,-2.169976,-0.02368855,-0.6704646,0.6595314,0.3390198
10.77017,3.084919,1.071678,-2.194558,-0.01712129,-0.6712255,0.6621412,0.3327645
10.78746,3.113738,1.077604,-2.218371,-0.01474779,-0.6771742,0.6602339,0.3245134
10.80481,3.142145,1.084229,-2.240385,-0.01772057,-0.6896406,0.6515663,0.3155046
10.82226,3.17029,1.090641,-2.261586,-0.02374671,-0.7068965,0.6360027,0.3086002
10.83974,3.194683,1.096272,-2.282022,-0.03015009,-0.7174371,0.6241534,0.3079085
10.85672,3.217729,1.101494,-2.305297,-0.03501196,-0.7150036,0.6235303,0.3142518
10.87413,3.238658,1.107168,-2.330384,-0.03644555,-0.7010159,0.6323887,0.3276172
10.89144,3.258969,1.11308,-2.355925,-0.03805989,-0.6855048,0.6403781,0.3443118
10.90893,3.280668,1.11993,-2.380805,-0.04448865,-0.6805046,0.6363768,0.360498
10.92602,3.298898,1.127052,-2.401741,-0.05332047,-0.6842889,0.6249263,0.371985
10.9551,3.326262,1.139423,-2.440833,-0.06525815,-0.6860424,0.6100771,0.3910156
10.97232,3.338959,1.146109,-2.466375,-0.06450853,-0.6775791,0.6103246,0.405252
10.98973,3.349453,1.152192,-2.494215,-0.05822681,-0.6608899,0.6162949,0.4242815
11.00692,3.357912,1.156387,-2.521096,-0.05215087,-0.6495875,0.6177752,0.4400798
11.02361,3.365708,1.159851,-2.544345,-0.05071275,-0.6494426,0.6118233,0.4486924
11.04088,3.374215,1.162398,-2.568954,-0.05266796,-0.6521937,0.6033459,0.4558982
11.05805,3.381605,1.163288,-2.595399,-0.05377008,-0.6493037,0.5984205,0.4662687
11.075,3.388435,1.164242,-2.62355,-0.05108576,-0.6395687,0.5987259,0.4794471
11.09263,3.39394,1.163468,-2.652368,-0.04516789,-0.6303077,0.597149,0.4940497
11.1101,3.399197,1.162142,-2.680864,-0.03989903,-0.6269335,0.5930927,0.5035908
11.12767,3.405547,1.159226,-2.708879,-0.03703064,-0.6311019,0.5851427,0.507885
11.1448,3.41211,1.155012,-2.737387,-0.04026721,-0.6395112,0.572913,0.5110527
11.16203,3.418212,1.148133,-2.76704,-0.04761638,-0.6433658,0.5604972,0.5192842
11.17914,3.423992,1.141139,-2.798472,-0.05133319,-0.6410526,0.5526409,0.5300986
11.19608,3.428896,1.133268,-2.829693,-0.04817751,-0.634517,0.5503317,0.5405573
11.2136,3.433833,1.127309,-2.86491,-0.04088182,-0.6273665,0.5535361,0.5462031
11.23047,3.438186,1.120028,-2.892737,-0.03858016,-0.6277281,0.5511446,0.5483691
11.26146,3.449797,1.107037,-2.949037,-0.0530107,-0.6337606,0.5376093,0.5536368
11.27881,3.45682,1.101079,-2.981055,-0.06172727,-0.634949,0.5325401,0.5562649
11.29585,3.462747,1.098067,-3.014285,-0.06749559,-0.6325933,0.5342634,0.5566262
11.31308,3.468125,1.096103,-3.045303,-0.07246381,-0.6318955,0.5379041,0.5532777
11.3305,3.473721,1.096975,-3.077306,-0.07523756,-0.6322159,0.5425018,0.5480275
11.34777,3.478827,1.099246,-3.108465,-0.0697031,-0.6295741,0.545837,0.5484888
11.36522,3.485101,1.103896,-3.140604,-0.06184424,-0.6257069,0.5484018,0.5512909
11.38234,3.493196,1.110205,-3.167769,-0.06193973,-0.6271303,0.5488396,0.5492233
11.41157,3.506539,1.122533,-3.217725,-0.05947138,-0.6106319,0.5715181,0.5449393
11.42919,3.516103,1.130154,-3.248646,-0.05665746,-0.5877056,0.58495,0.5560806
11.44675,3.526203,1.137557,-3.278739,-0.06323642,-0.5709938,0.5941032,0.5630352
11.4641,3.537275,1.146262,-3.3033,-0.07504789,-0.5698417,0.5963047,0.5604186
11.48127,3.549213,1.153471,-3.327373,-0.1002206,-0.5732532,0.592739,0.5567738
11.49854,3.56028,1.157737,-3.353006,-0.1293508,-0.5619352,0.5914038,0.5636832
11.51574,3.567777,1.163038,-3.381716,-0.1355979,-0.547119,0.5992654,0.5684672
11.53296,3.574041,1.1716,-3.408081,-0.1342927,-0.5464813,0.6104857,0.5573427
11.56188,3.583334,1.186529,-3.446976,-0.1350969,-0.5774276,0.619751,0.514038
11.5793,3.587475,1.194432,-3.468933,-0.137908,-0.6094546,0.6137146,0.482598
11.5964,3.591013,1.201653,-3.490254,-0.1359677,-0.6341157,0.6025279,0.4651561
11.6137,3.593537,1.209163,-3.515794,-0.1236955,-0.6571926,0.5842118,0.4598847
11.63068,3.595879,1.214632,-3.538709,-0.115835,-0.6788844,0.5671684,0.4516839
11.64797,3.599839,1.21758,-3.561146,-0.1143039,-0.6995625,0.5493298,0.4424745
11.66506,3.604637,1.219575,-3.588464,-0.1167028,-0.7108206,0.5334649,0.4433169
11.68223,3.611663,1.218117,-3.616889,-0.1191504,-0.7142341,0.5204536,0.4525494
11.69954,3.619575,1.216606,-3.644703,-0.1197187,-0.7143026,0.5131565,0.4605536
11.72146,3.626638,1.214102,-3.677647,-0.1240009,-0.7149483,0.5142695,0.4571648
11.73983,3.626455,1.214317,-3.679321,-0.1250939,-0.7087014,0.5218475,0.4580054
11.75709,3.625814,1.214926,-3.682739,-0.118522,-0.6970838,0.5327341,0.4649958
11.77446,3.624909,1.215634,-3.686178,-0.1106181,-0.6853063,0.5437695,0.4716288
11.79142,3.62337,1.216929,-3.689042,-0.0979647,-0.6760871,0.553684,0.4761757
11.80851,3.621157,1.218904,-3.691022,-0.08063904,-0.6704664,0.5621007,0.4775091
11.82545,3.619695,1.22025,-3.691616,-0.0680997,-0.6693479,0.5647461,0.4779097
11.84297,3.61848,1.221411,-3.691648,-0.05175837,-0.6703201,0.561251,0.4826899
11.872,3.616445,1.223642,-3.689491,-0.03779785,-0.6795088,0.5601681,0.4722827
11.8895,3.614071,1.225985,-3.687174,-0.03575226,-0.6888342,0.568456,0.4484273
11.90667,3.610724,1.228953,-3.683489,-0.0338948,-0.7032394,0.5767726,0.4142931
11.92383,3.605283,1.232891,-3.677673,-0.01050948,-0.7252916,0.5734744,0.3807477
11.94087,3.599651,1.236042,-3.67249,0.02091409,-0.7433017,0.5657703,0.3563274
11.95806,3.595501,1.237914,-3.669223,0.04846364,-0.7531405,0.5587379,0.3438641
11.97502,3.591667,1.239554,-3.667978,0.07479986,-0.755019,0.5575497,0.3368823
11.99245,3.58842,1.240967,-3.668508,0.09569123,-0.7506182,0.5623732,0.3333946
12.00959,3.586236,1.241952,-3.669997,0.1125462,-0.7428316,0.5679147,0.3361658
12.02701,3.582613,1.243318,-3.671412,0.1362299,-0.7335453,0.5751191,0.3355456
12.04444,3.577121,1.245004,-3.672961,0.1704106,-0.72032,0.5841399,0.3329862
12.06134,3.572385,1.24616,-3.674396,0.1976243,-0.707683,0.5926098,0.3300654
12.07833,3.569511,1.24668,-3.674095,0.2029348,-0.7075098,0.5991939,0.3149826
12.09573,3.568199,1.246712,-3.671162,0.1885517,-0.7229193,0.6003387,0.2853584
12.11329,3.565809,1.246904,-3.669424,0.1867541,-0.7300172,0.6022731,0.2635621
12.13027,3.563596,1.247172,-3.669487,0.1901429,-0.7290771,0.6073325,0.2518722
12.14746,3.562449,1.247281,-3.669418,0.1918544,-0.7289566,0.609529,0.2455374
12.16457,3.561687,1.247271,-3.668625,0.1846002,-0.7339653,0.6110929,0.2319122
12.18213,3.559332,1.247014,-3.665107,0.1739141,-0.7494771,0.6069354,0.1991674
12.1997,3.554936,1.246361,-3.660204,0.1736973,-0.7667834,0.5967096,0.1606552
12.21667,3.549974,1.245498,-3.656455,0.1846129,-0.7770544,0.5873922,0.1306716
12.23401,3.544875,1.244367,-3.653335,0.2011402,-0.7834257,0.5784881,0.1055379
12.25155,3.540831,1.243175,-3.650841,0.2161266,-0.7877059,0.5703099,0.08692202
12.26929,3.537298,1.242253,-3.649698,0.2352753,-0.7859045,0.5666357,0.07696414
12.28632,3.53667,1.242378,-3.650459,0.2392288,-0.7821764,0.5700929,0.0772251
12.30476,3.535734,1.242491,-3.651419,0.2293153,-0.7822039,0.5756957,0.0643905
12.33461,3.530604,1.24149,-3.651965,0.180517,-0.7939781,0.5804435,-0.009896363
12.35229,3.525427,1.239929,-3.651749,0.1380525,-0.8034584,0.5735666,-0.08010967
12.36956,3.521424,1.238599,-3.651934,0.1084291,-0.8073406,0.5650007,-0.1312201
12.38672,3.518077,1.237587,-3.652945,0.102115,-0.8048362,0.5624633,-0.1595191
12.40362,3.515738,1.237076,-3.654656,0.081805,-0.8014505,0.5603981,-0.1921956
12.42622,3.515323,1.237637,-3.65749,0.04030647,-0.7949947,0.5601475,-0.2293332
12.44322,3.519128,1.239922,-3.660524,0.00434819,-0.7858344,0.5722343,-0.2345068
12.46156,3.525542,1.242487,-3.662143,-0.05641446,-0.7778697,0.577063,-0.2423521
12.48533,3.530345,1.243932,-3.662663,-0.1309084,-0.7658358,0.56745,-0.2726882
12.50269,3.533859,1.244677,-3.662236,-0.1782261,-0.7567652,0.559111,-0.2879878
12.51988,3.536908,1.245074,-3.661131,-0.2123192,-0.751081,0.5516933,-0.293994
12.53683,3.537681,1.245018,-3.660141,-0.2311695,-0.7484347,0.5433185,-0.3020119
12.55413,3.536459,1.244698,-3.659631,-0.2383847,-0.7475343,0.5345629,-0.3140185
12.57103,3.535581,1.244419,-3.659087,-0.239787,-0.7488114,0.5291445,-0.3190453
12.5882,3.535605,1.244104,-3.657629,-0.2436255,-0.7525255,0.5227109,-0.3180021
12.60503,3.536335,1.243755,-3.655586,-0.2576701,-0.7545589,0.5124171,-0.3188666
12.62236,3.536526,1.243254,-3.65354,-0.2784024,-0.7535654,0.497352,-0.3275244
12.63988,3.535262,1.242417,-3.651485,-0.3041071,-0.7495906,0.474406,-0.3472346
12.6572,3.534053,1.241592,-3.649654,-0.3266357,-0.7454119,0.4531326,-0.3637871
12.67475,3.533734,1.240917,-3.647851,-0.3457762,-0.7422786,0.4367734,-0.3724115
12.69173,3.533694,1.239984,-3.645303,-0.3616195,-0.7430756,0.4207032,-0.374271
12.709,3.533173,1.238677,-3.642329,-0.3743868,-0.7466242,0.4026101,-0.3745555
12.72625,3.532307,1.237319,-3.639708,-0.3839716,-0.7504063,0.3855141,-0.3752801
12.74355,3.530692,1.235941,-3.637686,-0.3902611,-0.7536634,0.3684809,-0.3793544
12.7606,3.529914,1.235419,-3.637069,-0.3888065,-0.7564738,0.3635787,-0.3799835
12.77796,3.529077,1.234991,-3.636701,-0.3845325,-0.7599401,0.3605945,-0.3802597
12.79554,3.527706,1.234704,-3.63696,-0.385268,-0.7583913,0.3548262,-0.3879557
12.81287,3.526487,1.235313,-3.638996,-0.3928433,-0.7468434,0.351944,-0.4050117
12.83038,3.525037,1.23684,-3.643504,-0.4092785,-0.7206587,0.3489701,-0.4374495
12.84732,3.522694,1.23783,-3.648208,-0.4335192,-0.6867073,0.3324521,-0.4795519
12.86436,3.521055,1.238749,-3.652888,-0.4468101,-0.6583259,0.3220411,-0.5130861
12.88127,3.521068,1.239835,-3.656867,-0.4444292,-0.6437303,0.3295348,-0.5286783
12.89867,3.522907,1.240774,-3.658032,-0.4356439,-0.6458627,0.3489613,-0.5208665
12.91579,3.525501,1.24172,-3.658426,-0.4243593,-0.6530028,0.3731539,-0.5042447
12.9333,3.528885,1.242835,-3.658985,-0.4188088,-0.6553898,0.396746,-0.4874996
12.95076,3.532786,1.244022,-3.660018,-0.4198837,-0.6512612,0.4181818,-0.4740047
12.96825,3.536744,1.24504,-3.66111,-0.4237484,-0.6448569,0.4372872,-0.4619274
12.98543,3.538721,1.245578,-3.662224,-0.4329224,-0.633879,0.442378,-0.4637643
13.00241,3.539114,1.245954,-3.664144,-0.4418531,-0.6188743,0.4405805,-0.4771261
13.01969,3.539092,1.246379,-3.667293,-0.4429671,-0.6040777,0.4434825,-0.4921316
13.0367,3.539454,1.246796,-3.67093,-0.4345419,-0.5945351,0.4560093,-0.4997569
13.05378,3.540509,1.247145,-3.674075,-0.4183532,-0.5933033,0.4780344,-0.4944238
13.07079,3.541272,1.247341,-3.677262,-0.3992412,-0.5935588,0.5009442,-0.487185
13.08835,3.541265,1.247304,-3.681344,-0.3823264,-0.5873147,0.518933,-0.4894859
13.11069,3.541512,1.247008,-3.686852,-0.3676279,-0.5722479,0.5373753,-0.4986081
13.12843,3.54249,1.246693,-3.690803,-0.3633881,-0.5565237,0.5487605,-0.5070428
13.14558,3.543686,1.246458,-3.693345,-0.370227,-0.5389616,0.5496219,-0.5199693
13.16271,3.545608,1.246297,-3.695369,-0.3812148,-0.5201473,0.5493618,-0.5313416
13.18001,3.548214,1.246312,-3.696277,-0.3927553,-0.5061196,0.5518503,-0.5338984
13.19745,3.550613,1.246335,-3.696699,-0.4018245,-0.4963186,0.5556019,-0.532458
13.21464,3.552242,1.246141,-3.697847,-0.4091448,-0.4834255,0.556179,-0.5381126
13.23177,3.553573,1.245718,-3.699825,-0.4172141,-0.4642211,0.5527633,-0.552163
13.26129,3.556782,1.244675,-3.703739,-0.4300814,-0.4266901,0.549759,-0.5750918
13.27868,3.55892,1.244135,-3.705287,-0.4384236,-0.4069826,0.5479844,-0.5846905
13.2962,3.56139,1.243531,-3.706695,-0.4490645,-0.3840446,0.5438092,-0.5959215
13.31324,3.563872,1.242874,-3.707973,-0.4592529,-0.3608488,0.5390002,-0.6069215
13.33063,3.566656,1.242148,-3.709057,-0.4695413,-0.3371631,0.5348687,-0.6162528
13.34754,3.569527,1.241424,-3.709791,-0.4797436,-0.3145592,0.5311801,-0.6234953
13.3644,3.572573,1.240672,-3.710207,-0.4900862,-0.2926006,0.5283048,-0.6285655
13.38126,3.575459,1.239992,-3.710223,-0.4996124,-0.2742593,0.5270481,-0.6303884
13.39856,3.578034,1.239456,-3.709807,-0.5088918,-0.259462,0.5260379,-0.6300736
13.41616,3.580526,1.23901,-3.708981,-0.5218301,-0.2388531,0.51662,-0.6354103
13.43369,3.582801,1.238346,-3.708753,-0.5347114,-0.2065105,0.496284,-0.6520272
13.45144,3.586162,1.237097,-3.708831,-0.5460542,-0.1672785,0.4782516,-0.6671717
13.4691,3.590313,1.235747,-3.707794,-0.5582427,-0.1366691,0.4721891,-0.6683743
13.48653,3.595134,1.234334,-3.705207,-0.5745699,-0.1138749,0.475175,-0.6565902
13.50356,3.599397,1.233084,-3.701809,-0.5921097,-0.09953891,0.4809136,-0.6389213
13.52076,3.60326,1.231757,-3.698148,-0.6099081,-0.08540018,0.4839507,-0.6216998
13.53755,3.605876,1.230747,-3.695172,-0.6237386,-0.07388446,0.4833203,-0.60983
13.56676,3.608737,1.229511,-3.691235,-0.6414548,-0.05379153,0.4751261,-0.5999147
13.58398,3.610491,1.228452,-3.689794,-0.6480974,-0.03343796,0.4670198,-0.6006199
13.60126,3.61267,1.226992,-3.688202,-0.6546631,-0.008544978,0.4586101,-0.6008494
13.6183,3.614233,1.22597,-3.686113,-0.6624162,0.01135474,0.4491097,-0.59948
13.63544,3.614736,1.225757,-3.68379,-0.6707696,0.02478132,0.4367704,-0.5989039
13.65242,3.614727,1.225896,-3.681476,-0.678965,0.03485655,0.4237181,-0.5985437
13.66987,3.614717,1.225965,-3.678916,-0.687503,0.04895562,0.4075468,-0.5990397
13.68691,3.615239,1.225498,-3.676395,-0.695022,0.06801718,0.3924095,-0.5986092
13.70435,3.616468,1.224352,-3.674332,-0.6998684,0.09037688,0.3817032,-0.5969246
13.72193,3.618444,1.222466,-3.672834,-0.7007808,0.1192245,0.3734597,-0.5960031
13.7392,3.620279,1.220645,-3.67203,-0.698247,0.1467011,0.3665815,-0.5971165
13.75628,3.622348,1.218547,-3.671957,-0.6876228,0.1895865,0.3506662,-0.6068485
13.7732,3.624605,1.216168,-3.67255,-0.6683604,0.2415875,0.328879,-0.6219072
13.79027,3.626924,1.21347,-3.672454,-0.6505228,0.2866422,0.3125153,-0.630072
13.81237,3.629013,1.210666,-3.670776,-0.6385688,0.3261184,0.2993008,-0.6295204
13.83008,3.629533,1.209895,-3.67014,-0.6328626,0.3420344,0.2908781,-0.6307831
13.84713,3.629689,1.209745,-3.670538,-0.6290739,0.3459795,0.2886613,-0.6334342
13.8765,3.632044,1.206665,-3.672029,-0.6087103,0.3704109,0.2904006,-0.6386979
13.89382,3.634099,1.203646,-3.672767,-0.5945572,0.3878787,0.2966861,-0.6387716
13.911,3.635622,1.201217,-3.673267,-0.5861257,0.3972441,0.3055684,-0.6366174
13.92849,3.636487,1.199745,-3.673409,-0.5877138,0.3938296,0.3196003,-0.6303543
13.94609,3.637223,1.19842,-3.673338,-0.5898637,0.3909887,0.3318022,-0.6237757
13.96304,3.63826,1.19647,-3.673289,-0.5839858,0.4000594,0.3368326,-0.6208517
13.98038,3.639455,1.194036,-3.672904,-0.5754453,0.4147494,0.3395115,-0.6177197
13.99729,3.640602,1.191457,-3.672144,-0.5693411,0.4278077,0.3443911,-0.6117403
14.01467,3.641177,1.189962,-3.671139,-0.5731496,0.428803,0.3533617,-0.6022981
14.03208,3.640588,1.19109,-3.670048,-0.5898371,0.412406,0.3610298,-0.5930187
14.05103,3.639321,1.193253,-3.667593,-0.6128119,0.3940555,0.3619952,-0.5814993
14.07064,3.639245,1.191326,-3.661594,-0.6414801,0.3884879,0.3725587,-0.546608
14.0897,3.638211,1.192796,-3.659901,-0.6557143,0.3760741,0.3706252,-0.5396702
14.11118,3.635929,1.197824,-3.661273,-0.6660557,0.3472433,0.3629593,-0.5514095
14.12966,3.63372,1.201966,-3.662272,-0.6751937,0.3211209,0.3571224,-0.5598736
14.14869,3.63347,1.202359,-3.66224,-0.6788268,0.3137286,0.3599475,-0.5578588
14.16734,3.634366,1.201015,-3.662607,-0.6733036,0.3223785,0.3629869,-0.5576512
14.18531,3.63547,1.198925,-3.662037,-0.6718402,0.3300213,0.3699027,-0.5503533
14.20371,3.636417,1.196908,-3.661231,-0.6782177,0.3236237,0.385734,-0.5352548
14.22119,3.636881,1.195637,-3.660267,-0.6870726,0.3130068,0.3989027,-0.5204177
14.2387,3.637298,1.194691,-3.659968,-0.690641,0.3078897,0.4072562,-0.5122122
14.25756,3.637762,1.193804,-3.660076,-0.6913724,0.30549,0.414161,-0.5071003
14.2773,3.63758,1.194054,-3.659807,-0.6943364,0.3011771,0.4149793,-0.504957
14.31381,3.636995,1.194931,-3.659166,-0.6996278,0.2945946,0.4128142,-0.5033087
14.3327,3.637519,1.193908,-3.659217,-0.6979096,0.2982119,0.4164126,-0.5005921
14.3506,3.637646,1.193838,-3.659626,-0.696161,0.2986608,0.4174336,-0.5019072
14.37055,3.637486,1.194561,-3.660537,-0.6939735,0.2956609,0.4172623,-0.506831
14.38938,3.637416,1.194994,-3.661243,-0.6929799,0.2917213,0.4188784,-0.5091348
14.40845,3.637297,1.19523,-3.661244,-0.6954213,0.2860192,0.421259,-0.5070732
14.42946,3.636571,1.196228,-3.660263,-0.6998102,0.2842945,0.4144721,-0.5075976
14.44875,3.635769,1.197016,-3.658606,-0.7042524,0.2884462,0.4034614,-0.5079826
14.46782,3.635005,1.197731,-3.657127,-0.707793,0.2930741,0.392857,-0.508724
14.48745,3.634274,1.198475,-3.655967,-0.7102279,0.2974061,0.3829234,-0.5103877
14.50578,3.633435,1.199373,-3.65485,-0.7138759,0.2984835,0.3741567,-0.511171
14.52509,3.632473,1.200362,-3.653628,-0.7191949,0.296497,0.3663949,-0.510493
14.54584,3.631282,1.201508,-3.652152,-0.7281685,0.2877626,0.3610261,-0.5065803
14.56672,3.629779,1.202716,-3.650106,-0.7397792,0.2769603,0.3545114,-0.5003414
14.58732,3.627946,1.203956,-3.647573,-0.7514315,0.2698196,0.3434523,-0.494559
14.60598,3.625867,1.205057,-3.644626,-0.7642278,0.2628714,0.3309625,-0.4871532
14.62491,3.623523,1.205985,-3.64131,-0.7781758,0.2554915,0.3174119,-0.4779291
14.65614,3.620192,1.206271,-3.635978,-0.7992029,0.2462918,0.2992477,-0.4594191
14.67486,3.619035,1.205927,-3.6338,-0.8066474,0.2457189,0.2922851,-0.4511225
14.6934,3.618249,1.205913,-3.632651,-0.810086,0.2468639,0.2866289,-0.447954
14.71262,3.617278,1.206409,-3.631877,-0.8123661,0.2476404,0.2794262,-0.4479472
14.7321,3.616814,1.206687,-3.631567,-0.8119395,0.2521693,0.2739328,-0.449584
14.75093,3.616724,1.206533,-3.631269,-0.8111113,0.2578089,0.2708158,-0.4497687
14.76948,3.61637,1.206429,-3.630681,-0.8114902,0.2625823,0.2664258,-0.448945
14.78878,3.615845,1.206463,-3.630037,-0.8128382,0.2649179,0.2620022,-0.4477359
14.80714,3.615398,1.206535,-3.629546,-0.8142857,0.2654155,0.2589124,-0.4466071
14.82446,3.61485,1.206578,-3.628906,-0.8162236,0.2659072,0.2552676,-0.4448718
14.84176,3.614407,1.206115,-3.627868,-0.8212834,0.2609287,0.2555902,-0.4382732
14.85869,3.613584,1.205427,-3.626188,-0.8305826,0.2489026,0.2570031,-0.4267663
14.87662,3.612623,1.204569,-3.624266,-0.8410659,0.2345667,0.2584508,-0.4132673
14.89482,3.611766,1.203664,-3.622504,-0.8516344,0.2167099,0.2615977,-0.399152
14.91258,3.611054,1.202277,-3.620551,-0.8648275,0.1883417,0.2695007,-0.3794343
14.92964,3.610435,1.200156,-3.618202,-0.8811463,0.1442511,0.2826011,-0.3505845
14.95965,3.609699,1.19462,-3.613568,-0.9086917,0.02412886,0.312825,-0.2753866
14.97781,3.609799,1.190404,-3.611101,-0.916307,-0.05932135,0.3287592,-0.2208614
14.9957,3.611534,1.183926,-3.609266,-0.9151228,-0.1419048,0.3452458,-0.1523762
15.01527,3.616069,1.172265,-3.608906,-0.9103763,-0.1895479,0.3620742,-0.06472215
15.03323,3.617631,1.172787,-3.610497,-0.9080655,-0.1771279,0.3728365,-0.07096351
15.05104,3.616385,1.17441,-3.60984,-0.9089338,-0.1812494,0.3669572,-0.07956517
15.06931,3.613558,1.174593,-3.607409,-0.9139391,-0.1908614,0.3491628,-0.07982869
15.08642,3.61148,1.173489,-3.605377,-0.920183,-0.1885066,0.3343621,-0.07700874
15.11015,3.609822,1.172275,-3.60376,-0.9261797,-0.1809994,0.3222115,-0.07490178
15.12747,3.608855,1.172242,-3.603033,-0.9295774,-0.1728548,0.3159681,-0.07855783
15.14522,3.607459,1.172598,-3.602121,-0.9332615,-0.1651974,0.3075816,-0.08441748
15.1627,3.606358,1.172895,-3.601432,-0.9354365,-0.1630055,0.301149,-0.08773287
15.18017,3.605437,1.172496,-3.600704,-0.9378473,-0.1605983,0.2950525,-0.08714689
15.19709,3.605201,1.171863,-3.600387,-0.9388756,-0.1601391,0.2929186,-0.08406433
15.21438,3.605368,1.171835,-3.600491,-0.9385023,-0.1607604,0.2939147,-0.08356847
15.23118,3.605586,1.172481,-3.6008,-0.9378514,-0.1588961,0.29586,-0.08748449
15.24984,3.605516,1.17391,-3.601134,-0.9374556,-0.153981,0.2967817,-0.09688973
15.27235,3.605085,1.175694,-3.601361,-0.9384856,-0.1401733,0.2952784,-0.1113869
15.29001,3.604202,1.174405,-3.600404,-0.9435163,-0.121926,0.2875273,-0.1106306
15.30693,3.604175,1.169725,-3.599222,-0.9499167,-0.09687643,0.2822728,-0.09271125
15.32422,3.604037,1.166524,-3.598507,-0.954805,-0.05959428,0.2781018,-0.08634477
15.34677,3.603433,1.164148,-3.597749,-0.9581215,-0.03111612,0.2726932,-0.08169126
